-35,-13,-29,-38,-37,-33,-15,-36,-16,-30,-36,-20,-27,-49,-39,-55,-33,-41,-55,-53,-49,-25,-57,-35,-40,-40,-18,-28,-53,-36,-48,-25,-54,-28,-38,-41,-20,-11,-62,-53,-36,-19,-14,-31,-40,-33,-20,-13,-19,-41,-38,-20,-25,-23,-40,-47,-24,-56,-62,-38,-33,-16,-28,-20,-36,-32,-13,-28,-37,-41,-45,-21,-21,-40,-44,-61,-34,-40,-74,-54,-41,-23,-41,-61,-48,-42,-20,-57,-56,-43,-44,-23,-54,-64,-48,-49,-29,-67,-63,-48
-34,-7,-26,-34,-38,-33,-13,-36,1,-31,-35,-17,-24,-47,-40,-51,-29,-45,-50,-53,-48,-22,-59,-33,-41,-40,-17,-30,-46,-38,-47,-24,-57,-25,-39,-39,-17,-9,-48,-53,-36,-15,-19,-35,-41,-33,-18,-41,-15,-43,-36,-17,-23,-14,-41,-46,-23,-56,-61,-41,-31,-13,-27,-18,-38,-32,-11,-39,-35,-43,-43,-18,-27,-28,-46,-58,-31,-39,-72,-55,-40,-20,-44,-58,-49,-43,-19,-59,-54,-45,-43,-19,-54,-62,-49,-48,-28,-68,-62,-50
-28,5,-32,-32,-38,-25,-1,-28,1,-32,-29,-5,-21,-47,-40,-49,-23,-41,-54,-53,-43,-17,-63,-33,-42,-33,-4,-33,-51,-38,-42,-12,-55,-25,-41,-35,-9,1,-45,-53,-30,-4,-13,-30,-41,-27,-9,-39,-11,-43,-30,-2,-24,-16,-42,-42,-12,-61,-61,-41,-23,0,-13,-17,-38,-26,2,-29,-33,-43,-40,-12,-12,-31,-46,-56,-27,-34,-72,-55,-36,-13,-34,-59,-49,-40,-12,-60,-53,-45,-42,-16,-56,-64,-50,-47,-22,-70,-63,-50
-30,6,-24,-36,-39,-28,-2,-32,-14,-32,-31,-5,-27,-45,-41,-50,-23,-40,-55,-54,-45,-15,-63,-31,-43,-36,-7,-26,-53,-38,-44,-19,-53,-25,-41,-37,-9,-8,-66,-55,-33,-5,-14,-33,-43,-30,-11,-38,-18,-44,-32,-5,-19,-14,-42,-43,-12,-58,-62,-42,-27,-4,-20,-18,-40,-25,4,-23,-33,-44,-42,-14,-15,-38,-47,-57,-26,-36,-74,-56,-38,-14,-41,-61,-50,-41,-11,-60,-56,-47,-43,-13,-54,-66,-51,-48,-19,-70,-65,-51
-41,-8,-33,-51,-42,-41,-14,-48,-35,-37,-43,-19,-39,-57,-43,-55,-28,-49,-62,-55,-56,-29,-70,-45,-46,-49,-22,-43,-59,-43,-56,-31,-65,-40,-45,-45,-19,-25,-67,-55,-47,-18,-42,-40,-46,-39,-18,-45,-31,-46,-46,-20,-36,-33,-45,-54,-26,-65,-65,-46,-41,-16,-37,-30,-42,-38,-7,-39,-41,-46,-48,-18,-34,-41,-48,-61,-30,-48,-76,-56,-44,-19,-44,-62,-50,-47,-18,-58,-60,-47,-45,-15,-53,-67,-51,-50,-21,-70,-66,-51
-45,-17,-34,-55,-35,-47,-20,-52,-38,-33,-47,-25,-43,-61,-38,-62,-35,-54,-66,-53,-60,-34,-72,-58,-46,-55,-25,-49,-58,-38,-61,-37,-67,-38,-42,-52,-25,-36,-71,-43,-51,-23,-45,-46,-39,-45,-23,-53,-35,-35,-50,-25,-38,-46,-38,-59,-34,-70,-73,-43,-46,-22,-49,-38,-36,-45,-13,-50,-41,-33,-53,-24,-38,-45,-40,-66,-36,-60,-80,-50,-53,-24,-62,-69,-40,-52,-25,-72,-61,-41,-52,-23,-68,-73,-43,-56,-28,-78,-68,-47
-51,-24,-53,-62,-41,-52,-29,-65,-46,-41,-54,-35,-66,-68,-46,-68,-45,-67,-73,-58,-63,-37,-76,-63,-48,-59,-36,-73,-74,-44,-63,-40,-76,-46,-46,-58,-37,-71,-83,-48,-58,-34,-73,-59,-46,-49,-33,-65,-43,-41,-56,-36,-67,-55,-45,-61,-38,-76,-75,-46,-50,-31,-55,-41,-44,-48,-24,-60,-52,-39,-58,-32,-62,-58,-44,-73,-47,-81,-84,-56,-56,-34,-75,-74,-46,-55,-33,-76,-68,-44,-56,-30,-69,-77,-45,-60,-36,-80,-73,-48
-45,-22,-58,-47,-43,-39,-18,-43,-25,-36,-43,-23,-32,-53,-43,-56,-32,-50,-61,-54,-55,-32,-68,-40,-45,-49,-25,-41,-60,-43,-55,-32,-58,-33,-44,-45,-24,-16,-67,-56,-44,-21,-34,-38,-45,-40,-25,-41,-22,-45,-45,-25,-38,-27,-47,-53,-30,-68,-67,-44,-40,-19,-37,-24,-41,-38,-14,-34,-40,-46,-49,-23,-27,-42,-47,-61,-33,-40,-75,-56,-44,-24,-43,-64,-51,-49,-26,-67,-61,-48,-48,-25,-60,-68,-51,-52,-30,-72,-67,-52
-41,-11,-28,-40,-43,-40,-18,-40,-10,-38,-41,-20,-26,-44,-45,-54,-31,-45,-57,-55,-54,-28,-64,-39,-47,-47,-24,-32,-55,-43,-55,-31,-54,-30,-46,-43,-22,-19,-48,-57,-43,-17,-25,-37,-46,-39,-22,-42,-21,-47,-42,-22,-20,-22,-48,-53,-29,-64,-65,-46,-38,-18,-36,-23,-43,-37,-13,-31,-38,-47,-48,-22,-18,-34,-49,-60,-31,-37,-75,-57,-44,-22,-41,-62,-52,-47,-25,-61,-59,-48,-47,-22,-56,-66,-53,-52,-29,-69,-65,-53
-40,-16,-35,-38,-44,-40,-17,-36,-12,-38,-41,-20,-25,-47,-44,-54,-29,-48,-58,-56,-53,-32,-67,-41,-46,-47,-22,-34,-57,-44,-53,-30,-57,-29,-45,-44,-23,-22,-52,-57,-44,-18,-24,-37,-46,-39,-22,-41,-21,-47,-43,-21,-24,-28,-48,-51,-27,-66,-65,-46,-38,-18,-35,-24,-43,-39,-15,-34,-40,-48,-48,-22,-11,-36,-49,-60,-32,-38,-76,-57,-43,-23,-38,-63,-52,-48,-25,-63,-59,-49,-47,-23,-58,-68,-53,-52,-30,-70,-65,-53
-41,-9,-29,-43,-43,-40,-13,-35,-23,-39,-40,-18,-35,-50,-45,-54,-27,-45,-58,-56,-53,-27,-68,-41,-47,-46,-21,-32,-56,-44,-53,-30,-58,-26,-46,-44,-20,-21,-71,-58,-43,-17,-29,-37,-47,-38,-20,-43,-25,-48,-43,-22,-21,-27,-49,-51,-25,-65,-67,-47,-38,-18,-32,-24,-44,-36,-12,-27,-39,-48,-48,-21,-20,-41,-50,-60,-30,-34,-75,-58,-43,-21,-40,-63,-53,-47,-23,-61,-59,-50,-48,-21,-57,-69,-54,-52,-28,-71,-65,-54
-42,-10,-32,-53,-47,-41,-15,-46,-37,-42,-41,-20,-37,-54,-48,-57,-30,-52,-63,-59,-53,-26,-68,-47,-49,-47,-20,-41,-59,-48,-53,-26,-62,-37,-49,-44,-21,-25,-69,-59,-45,-18,-35,-43,-50,-37,-20,-43,-33,-51,-44,-22,-33,-36,-51,-51,-24,-65,-69,-50,-39,-18,-39,-31,-49,-38,-12,-36,-45,-52,-48,-20,-33,-41,-52,-61,-32,-44,-77,-59,-44,-21,-45,-65,-56,-48,-21,-59,-62,-52,-48,-19,-54,-70,-56,-53,-26,-71,-68,-58
-40,-9,-24,-53,-34,-41,-11,-49,-39,-33,-39,-16,-35,-53,-37,-58,-29,-47,-61,-51,-55,-25,-70,-55,-44,-48,-18,-44,-57,-38,-55,-28,-66,-31,-42,-47,-17,-33,-75,-43,-44,-13,-32,-42,-38,-40,-15,-47,-32,-34,-44,-17,-32,-46,-38,-54,-25,-69,-76,-41,-40,-15,-43,-36,-37,-40,-8,-45,-41,-35,-49,-18,-35,-42,-39,-63,-30,-53,-80,-50,-49,-19,-57,-71,-41,-49,-21,-70,-60,-41,-52,-23,-69,-75,-43,-58,-33,-81,-71,-48
-59,-47,-39,-63,-45,-62,-49,-50,-46,-43,-65,-54,-43,-60,-50,-71,-51,-50,-74,-59,-71,-58,-74,-68,-55,-66,-50,-48,-69,-49,-75,-59,-68,-42,-52,-67,-51,-38,-76,-53,-66,-48,-44,-49,-49,-62,-47,-52,-35,-46,-65,-54,-44,-52,-50,-73,-53,-76,-78,-53,-60,-48,-47,-40,-48,-59,-43,-49,-50,-44,-67,-50,-30,-50,-49,-76,-51,-80,-84,-58,-64,-47,-61,-71,-50,-65,-52,-74,-67,-50,-66,-50,-68,-78,-50,-67,-48,-79,-73,-50
-40,-17,-44,-46,-42,-36,-14,-43,-25,-36,-41,-19,-33,-52,-42,-56,-32,-50,-59,-54,-55,-31,-66,-49,-45,-47,-24,-41,-57,-42,-54,-31,-61,-38,-44,-44,-22,-23,-65,-56,-42,-19,-33,-40,-44,-39,-20,-41,-28,-45,-42,-22,-33,-36,-47,-52,-28,-67,-69,-45,-36,-18,-40,-27,-41,-41,-21,-50,-46,-47,-48,-23,-29,-46,-47,-60,-30,-70,-77,-55,-43,-23,-48,-63,-51,-48,-24,-64,-59,-47,-48,-26,-57,-68,-51,-52,-28,-69,-66,-50
-39,-14,-35,-38,-42,-37,-17,-43,-14,-37,-41,-19,-28,-44,-42,-54,-33,-52,-56,-54,-55,-28,-66,-46,-45,-47,-23,-34,-49,-42,-54,-30,-60,-36,-44,-43,-19,-20,-45,-56,-42,-17,-30,-37,-45,-37,-18,-42,-15,-45,-40,-21,-24,-28,-47,-52,-27,-65,-67,-44,-34,-18,-40,-26,-42,-36,-16,-53,-43,-48,-47,-22,-24,-35,-48,-59,-30,-69,-76,-56,-43,-23,-46,-60,-51,-48,-24,-61,-57,-47,-48,-24,-57,-66,-51,-52,-28,-68,-64,-51
-31,-10,-37,-36,-42,-32,-17,-46,-14,-37,-37,-17,-38,-54,-43,-47,-25,-51,-55,-54,-51,-30,-67,-42,-43,-42,-20,-38,-51,-42,-50,-27,-58,-41,-43,-40,-20,-36,-48,-56,-38,-14,-40,-40,-44,-33,-17,-50,-19,-45,-35,-17,-32,-30,-47,-47,-23,-68,-65,-44,-27,-13,-35,-26,-42,-37,-19,-56,-44,-48,-43,-20,-28,-40,-47,-56,-29,-73,-77,-55,-37,-20,-46,-58,-50,-45,-22,-62,-55,-47,-44,-23,-57,-64,-51,-49,-25,-68,-63,-51
-36,-13,-53,-39,-42,-29,-11,-41,-22,-37,-39,-17,-46,-49,-44,-52,-31,-65,-58,-54,-53,-31,-69,-44,-45,-46,-24,-51,-57,-43,-53,-31,-67,-41,-44,-43,-21,-42,-67,-56,-40,-17,-50,-41,-47,-35,-17,-53,-25,-46,-42,-25,-54,-35,-48,-49,-26,-71,-69,-45,-34,-19,-44,-30,-43,-29,-9,-26,-32,-45,-47,-23,-41,-48,-48,-58,-31,-77,-78,-57,-42,-23,-56,-63,-52,-47,-24,-65,-57,-48,-46,-23,-58,-66,-51,-50,-26,-70,-64,-51
-37,-14,-37,-50,-42,-35,-16,-42,-35,-36,-37,-17,-34,-52,-42,-51,-27,-48,-59,-53,-53,-30,-63,-45,-44,-46,-21,-38,-55,-42,-52,-28,-61,-39,-43,-42,-20,-21,-63,-54,-41,-18,-30,-39,-44,-35,-17,-39,-30,-44,-41,-22,-35,-37,-46,-49,-23,-61,-67,-44,-35,-19,-36,-33,-43,-34,-14,-14,-36,-45,-46,-22,-26,-44,-47,-57,-29,-70,-78,-55,-42,-22,-40,-61,-50,-46,-23,-58,-58,-47,-46,-22,-53,-67,-50,-50,-24,-68,-65,-50
-39,-17,-37,-54,-33,-39,-18,-59,-36,-31,-44,-23,-51,-60,-36,-58,-35,-49,-63,-50,-55,-32,-64,-56,-42,-52,-25,-51,-55,-36,-57,-33,-67,-40,-40,-50,-22,-49,-66,-41,-44,-20,-43,-39,-36,-43,-21,-61,-39,-33,-46,-25,-47,-48,-36,-52,-25,-64,-72,-37,-41,-24,-44,-38,-35,-38,-14,-33,-33,-30,-53,-26,-49,-50,-38,-64,-34,-81,-82,-48,-51,-26,-65,-67,-38,-49,-24,-70,-56,-39,-50,-25,-65,-71,-40,-54,-27,-75,-66,-43
-39,-14,-15,-54,-35,-36,-18,-36,-35,-32,-39,-20,-23,-57,-39,-56,-31,-37,-63,-52,-57,-34,-67,-60,-45,-50,-21,-26,-64,-38,-54,-28,-57,-41,-41,-47,-21,-23,-74,-42,-42,-19,-17,-41,-40,-36,-14,-29,-31,-34,-41,-21,-20,-45,-38,-53,-26,-68,-75,-41,-36,-19,-39,-32,-38,-36,-13,-14,-39,-33,-49,-21,-7,-44,-39,-64,-32,-75,-83,-51,-45,-22,-51,-68,-39,-51,-27,-68,-63,-40,-53,-26,-61,-74,-42,-56,-30,-75,-71,-43
-37,-18,-47,-42,-41,-32,-18,-44,-25,-36,-40,-22,-38,-54,-42,-52,-32,-51,-56,-53,-53,-31,-68,-38,-42,-50,-29,-57,-59,-42,-54,-32,-67,-45,-43,-44,-26,-29,-67,-56,-42,-23,-38,-41,-45,-38,-22,-42,-24,-45,-41,-26,-44,-34,-46,-49,-27,-69,-68,-42,-36,-21,-43,-26,-41,-33,-18,-23,-39,-46,-48,-26,-39,-50,-47,-58,-32,-70,-77,-55,-42,-26,-50,-62,-51,-45,-24,-62,-56,-46,-45,-25,-55,-66,-50,-48,-28,-67,-64,-49
-33,-10,-19,-37,-41,-29,-12,-30,-9,-35,-34,-13,-14,-44,-41,-47,-27,-41,-52,-53,-51,-26,-64,-41,-43,-42,-18,-21,-48,-41,-49,-26,-51,-31,-42,-40,-17,-14,-45,-55,-35,-13,-17,-34,-44,-31,-13,-32,-16,-44,-35,-18,-15,-22,-45,-47,-23,-62,-67,-42,-29,-14,-35,-25,-42,-30,-11,1,-31,-45,-43,-18,-10,-33,-47,-55,-28,-65,-75,-55,-38,-20,-38,-58,-50,-45,-22,-58,-55,-46,-45,-22,-54,-63,-50,-49,-28,-66,-62,-50
-33,-13,-23,-34,-41,-29,-11,-30,-9,-35,-34,-13,-18,-47,-42,-47,-26,-38,-50,-52,-51,-31,-64,-40,-42,-42,-20,-23,-50,-41,-49,-26,-50,-33,-42,-39,-20,-10,-51,-55,-36,-13,-9,-34,-43,-33,-15,-25,-12,-44,-34,-17,-9,-28,-46,-47,-23,-60,-65,-43,-30,-14,-33,-23,-41,-31,-12,3,-31,-46,-43,-18,2,-36,-47,-55,-28,-65,-75,-55,-38,-20,-32,-57,-50,-45,-22,-58,-54,-46,-44,-23,-54,-63,-50,-48,-26,-67,-62,-49
-34,-11,-31,-36,-41,-31,-10,-32,-18,-36,-36,-13,-31,-44,-41,-48,-27,-38,-53,-53,-52,-28,-65,-41,-43,-43,-19,-26,-47,-40,-50,-28,-53,-35,-42,-40,-18,-15,-65,-55,-36,-13,-24,-36,-44,-33,-13,-31,-17,-44,-37,-19,-22,-28,-46,-47,-23,-64,-66,-43,-31,-15,-32,-25,-42,-34,-14,-12,-35,-46,-44,-18,-10,-42,-47,-56,-28,-65,-75,-55,-39,-20,-38,-58,-50,-45,-22,-60,-54,-47,-45,-23,-53,-64,-50,-49,-25,-68,-63,-49
-38,-14,-44,-48,-42,-36,-17,-56,-33,-39,-43,-23,-61,-59,-45,-56,-38,-70,-63,-55,-52,-28,-68,-42,-43,-55,-35,-75,-62,-45,-60,-39,-82,-55,-45,-47,-27,-60,-71,-56,-44,-23,-55,-47,-47,-45,-29,-69,-37,-48,-46,-29,-65,-47,-48,-49,-24,-65,-66,-43,-42,-28,-55,-38,-46,-35,-15,-23,-39,-46,-56,-34,-74,-62,-50,-61,-36,-84,-80,-57,-50,-33,-71,-69,-53,-45,-22,-57,-55,-45,-45,-22,-54,-67,-49,-48,-24,-68,-63,-48
-36,-13,-30,-49,-32,-34,-12,-45,-27,-28,-36,-14,-34,-51,-33,-51,-25,-40,-56,-48,-56,-32,-70,-57,-42,-45,-16,-44,-46,-34,-53,-25,-67,-41,-39,-44,-15,-33,-64,-38,-39,-15,-26,-37,-34,-35,-10,-41,-26,-29,-40,-16,-33,-41,-33,-50,-24,-67,-73,-36,-33,-15,-42,-30,-32,-34,-10,-11,-27,-30,-46,-17,-32,-43,-34,-59,-26,-74,-80,-46,-45,-17,-58,-64,-36,-47,-21,-68,-52,-37,-49,-24,-66,-69,-40,-51,-25,-76,-64,-41
-44,-19,-50,-54,-37,-34,-15,-32,-30,-33,-37,-17,-19,-61,-38,-55,-30,-34,-58,-53,-60,-38,-80,-67,-47,-48,-20,-30,-63,-37,-52,-25,-64,-40,-41,-45,-19,-22,-72,-42,-39,-16,-15,-36,-38,-34,-11,-20,-27,-33,-40,-19,-19,-41,-38,-55,-29,-75,-76,-42,-35,-18,-38,-27,-39,-32,-9,11,-34,-33,-47,-18,-6,-43,-38,-64,-31,-74,-82,-50,-45,-20,-50,-66,-39,-54,-32,-75,-64,-42,-55,-32,-70,-76,-43,-57,-34,-80,-72,-43
-28,-11,-24,-39,-38,-25,-9,-31,-12,-32,-32,-13,-15,-42,-39,-46,-25,-32,-53,-51,-49,-27,-58,-38,-40,-38,-19,-16,-53,-38,-46,-24,-29,-29,-40,-36,-19,-2,-63,-54,-32,-13,-18,-34,-41,-29,-13,-20,-18,-42,-32,-18,-16,-25,-43,-44,-21,-57,-63,-39,-26,-12,-31,-20,-38,-28,-12,-1,-33,-43,-40,-18,-3,-41,-44,-54,-27,-60,-75,-53,-35,-18,-36,-58,-47,-42,-20,-55,-54,-44,-42,-22,-49,-64,-48,-45,-24,-65,-62,-46
-30,-8,-1,-34,-40,-24,-7,-26,-2,-34,-30,-10,-19,-38,-40,-43,-23,-38,-45,-52,-48,-23,-59,-39,-42,-40,-17,-14,-48,-40,-46,-24,-39,-29,-41,-37,-15,-8,-40,-54,-32,-11,-15,-32,-43,-28,-11,-24,-10,-42,-32,-15,-12,-18,-44,-45,-21,-53,-63,-41,-25,-11,-31,-18,-40,-27,-8,3,-29,-45,-40,-16,-4,-30,-46,-52,-25,-63,-74,-54,-36,-17,-33,-56,-49,-42,-20,-56,-52,-45,-41,-20,-49,-61,-49,-45,-23,-64,-59,-48
-28,-9,-8,-21,-40,-24,-7,-29,2,-33,-31,-10,-16,-45,-40,-43,-23,-33,-47,-51,-49,-28,-62,-31,-42,-39,-18,-18,-49,-40,-45,-23,-38,-32,-41,-36,-17,-11,-43,-54,-31,-9,-13,-32,-42,-27,-11,-25,-7,-44,-31,-14,-16,-24,-44,-44,-21,-44,-63,-41,-25,-11,-29,-18,-40,-27,-9,6,-31,-45,-40,-16,5,-33,-46,-52,-25,-63,-73,-53,-34,-17,-33,-56,-49,-42,-21,-46,-51,-45,-42,-22,-46,-61,-49,-45,-24,-59,-60,-47
-32,-11,-38,-12,-41,-25,-7,-37,-10,-34,-34,-13,-42,-42,-41,-46,-26,-45,-54,-53,-53,-30,-66,-47,-44,-41,-19,-34,-50,-41,-48,-27,-56,-44,-42,-38,-20,-31,-58,-55,-33,-12,-36,-35,-44,-28,-13,-38,-17,-44,-35,-17,-39,-27,-45,-47,-23,-62,-67,-43,-27,-14,-37,-23,-42,-26,-7,-2,-36,-45,-42,-18,-18,-39,-47,-54,-27,-68,-74,-55,-37,-20,-44,-60,-50,-46,-25,-56,-54,-46,-45,-24,-53,-64,-49,-47,-26,-67,-63,-48
-27,-4,19,-20,-38,-25,-4,-33,-19,-33,-29,-7,-22,-46,-38,-42,-18,-31,-49,-51,-47,-23,-42,-35,-40,-39,-14,-18,-45,-38,-44,-19,-38,-30,-38,-34,-13,-5,-53,-51,-30,-7,-6,-28,-41,-25,-9,-18,-15,-42,-31,-12,-7,-27,-42,-41,-15,-30,-63,-39,-25,-10,-19,-19,-39,-26,-5,6,-35,-43,-39,-13,-6,-29,-44,-51,-21,-64,-73,-52,-34,-14,-35,-56,-46,-39,-16,-28,-51,-43,-38,-14,-35,-62,-47,-41,-15,-55,-60,-45
-27,-7,45,-9,-28,-28,-6,-36,-18,-24,-32,-10,-21,-49,-30,-46,-22,-28,-48,-45,-48,-24,-32,-51,-36,-41,-14,-16,-41,-30,-47,-22,-38,-28,-33,-41,-12,-21,-55,-35,-29,-5,13,-22,-29,-29,-7,-20,-12,-27,-32,-9,6,-32,-29,-45,-17,-29,-69,-30,-29,-11,-24,-21,-30,-30,-3,-4,-30,-27,-42,-14,-7,-30,-33,-55,-22,-70,-77,-43,-41,-14,-46,-61,-32,-42,-16,-39,-49,-34,-43,-17,-48,-66,-36,-46,-18,-61,-60,-37
-30,-7,37,-19,-30,-28,-9,-29,-23,-26,-32,-11,-14,-56,-35,-49,-24,-23,-56,-49,-49,-25,-35,-50,-39,-42,-13,-11,-54,-33,-45,-18,-30,-27,-34,-41,-14,-15,-63,-37,-30,-7,17,-32,-33,-28,-7,-4,-21,-29,-31,-10,6,-34,-32,-46,-17,-31,-70,-34,-28,-12,-22,-17,-33,-28,-3,13,-36,-28,-42,-12,12,-32,-34,-60,-25,-70,-80,-46,-39,-16,-44,-65,-34,-45,-19,-37,-56,-35,-47,-19,-43,-71,-37,-48,-22,-60,-66,-37
-21,-10,-9,-13,-35,-17,-5,-22,-9,-27,-24,-9,-25,-35,-36,-39,-21,-28,-43,-47,-42,-25,-42,-33,-35,-31,-15,-7,-47,-35,-39,-20,-21,-29,-34,-31,-16,-12,-57,-50,-22,-9,3,-29,-37,-21,-11,-20,-7,-38,-25,-14,-15,-24,-39,-37,-19,-39,-61,-35,-20,-10,-24,-12,-36,-21,-7,2,-35,-41,-31,-13,23,-34,-41,-49,-23,-62,-71,-50,-29,-16,-30,-57,-45,-39,-19,-38,-53,-42,-39,-18,-41,-62,-46,-41,-21,-54,-60,-43
-21,-2,0,-8,-36,-17,-1,-20,2,-28,-23,-6,-21,-38,-36,-36,-17,-30,-40,-48,-40,-19,-42,-31,-36,-32,-10,-4,-39,-35,-38,-17,-23,-24,-35,-29,-9,-7,-33,-50,-22,-4,1,-28,-38,-19,-6,-21,-5,-39,-23,-9,-5,-17,-39,-35,-16,-33,-62,-37,-18,-5,-19,-14,-37,-19,-1,4,-31,-42,-29,-9,19,-24,-41,-46,-19,-63,-72,-51,-28,-12,-26,-55,-46,-38,-15,-37,-48,-42,-37,-13,-40,-60,-46,-39,-16,-55,-58,-44
-23,-9,-8,-5,-35,-20,-6,-22,2,-28,-26,-8,-15,-38,-37,-39,-19,-27,-43,-48,-42,-25,-44,-26,-36,-33,-15,-11,-43,-35,-39,-20,-22,-25,-36,-32,-14,-4,-37,-51,-26,-7,3,-28,-37,-23,-9,-18,-4,-39,-26,-11,-9,-20,-39,-38,-18,-40,-62,-37,-21,-9,-22,-16,-37,-23,-5,8,-33,-42,-32,-13,28,-27,-41,-48,-22,-61,-72,-50,-30,-15,-16,-54,-45,-40,-17,-39,-50,-43,-39,-17,-43,-60,-46,-42,-19,-56,-59,-44
-24,-8,-1,-7,-36,-20,-1,-12,-2,-29,-25,-7,-16,-41,-36,-38,-18,-19,-38,-48,-41,-21,-39,-32,-38,-31,-12,2,-39,-35,-38,-21,-17,-22,-35,-30,-12,12,-51,-51,-22,-5,0,-27,-38,-21,-8,-11,-3,-39,-25,-10,-1,-19,-40,-36,-16,-34,-60,-37,-21,-9,-16,-14,-38,-21,-4,21,-35,-42,-31,-11,32,-32,-42,-47,-20,-57,-71,-51,-30,-13,-17,-53,-46,-39,-17,-36,-50,-43,-39,-15,-36,-61,-46,-42,-17,-54,-59,-44
-23,-3,17,-16,-35,-22,0,-24,-8,-29,-26,-6,-23,-35,-36,-39,-16,-32,-43,-48,-41,-20,-37,-27,-36,-32,-9,-3,-32,-34,-37,-15,-19,-20,-34,-30,-8,-2,-46,-47,-24,-4,11,-29,-38,-24,-5,-12,-9,-39,-26,-8,1,-23,-38,-36,-12,-24,-59,-36,-23,-7,-20,-17,-37,-22,-1,24,-33,-41,-32,-9,23,-30,-40,-48,-18,-64,-70,-49,-30,-11,-23,-51,-44,-38,-12,-24,-48,-41,-38,-10,-29,-60,-45,-40,-11,-51,-57,-42
-18,6,30,-2,-23,-21,6,-29,-9,-21,-25,0,-21,-28,-25,-39,-10,-25,-36,-41,-38,-14,-17,-30,-32,-29,-1,8,-17,-24,-35,-11,-11,-15,-28,-32,0,-17,-49,-29,-18,6,17,-26,-25,-22,2,-22,-4,-22,-22,3,8,-30,-23,-36,-8,-18,-65,-28,-23,0,-27,-16,-27,-21,8,-2,-26,-22,-29,-2,23,-31,-27,-50,-12,-69,-76,-39,-34,-4,-40,-55,-28,-38,-6,-36,-47,-31,-40,-4,-43,-64,-34,-42,-4,-57,-57,-34
-26,-4,-52,-18,-26,-21,-3,-39,-12,-23,-26,-7,-37,-34,-31,-43,-17,-35,-52,-44,-44,-21,-73,-45,-36,-32,-9,-39,-44,-26,-36,-16,-50,-27,-28,-33,-11,-31,-54,-31,-25,-2,-26,-36,-28,-19,-3,-29,-8,-24,-27,-10,-48,-39,-27,-38,-13,-60,-67,-30,-24,-4,-35,-20,-31,-19,3,-2,-32,-24,-31,-9,-6,-33,-28,-55,-20,-73,-78,-42,-32,-10,-52,-60,-29,-44,-16,-72,-57,-35,-47,-17,-69,-72,-37,-50,-20,-80,-67,-36
-21,-13,-13,-13,-33,-18,-5,-18,-2,-25,-23,-12,-21,-35,-34,-39,-23,-25,-42,-45,-41,-25,-50,-31,-33,-30,-15,-10,-35,-32,-37,-20,-18,-21,-32,-28,-16,-6,-49,-48,-21,-8,6,-27,-35,-21,-11,-10,-4,-36,-25,-14,-10,-18,-37,-35,-19,-38,-59,-33,-20,-11,-22,-12,-34,-20,-8,9,-35,-39,-29,-14,16,-32,-38,-48,-23,-60,-70,-47,-28,-16,-26,-53,-43,-37,-21,-40,-50,-39,-40,-20,-39,-60,-44,-42,-23,-54,-59,-42
-21,-9,2,-7,-33,-16,-3,-16,12,-26,-22,-8,-18,-31,-33,-34,-18,-28,-39,-45,-40,-20,-44,-29,-34,-29,-12,-2,-31,-32,-35,-16,-16,-23,-32,-26,-10,-2,-33,-47,-20,-4,11,-24,-35,-18,-8,-15,-7,-36,-22,-10,-2,-13,-37,-34,-16,-32,-58,-34,-18,-9,-20,-11,-34,-18,-3,14,-31,-39,-28,-11,23,-26,-38,-45,-19,-56,-71,-47,-27,-13,-24,-50,-43,-35,-17,-32,-47,-39,-38,-16,-35,-58,-44,-40,-19,-49,-56,-42
-20,-10,-11,-2,-33,-14,-5,-6,8,-26,-20,-8,-14,-32,-34,-34,-18,-19,-41,-44,-38,-24,-47,-22,-34,-28,-11,4,-36,-32,-34,-17,-16,-26,-32,-25,-11,5,-31,-47,-20,-4,19,-26,-35,-18,-7,-11,0,-37,-21,-9,-6,-15,-37,-33,-17,-39,-58,-34,-17,-10,-16,-16,-34,-18,-4,20,-32,-39,-26,-10,36,-28,-38,-44,-20,-56,-70,-46,-25,-13,-8,-52,-43,-35,-18,-34,-48,-39,-38,-17,-38,-58,-44,-40,-20,-52,-57,-41
-22,-7,-11,-11,-34,-17,-4,-7,-2,-25,-23,-8,-21,-30,-34,-35,-19,-20,-43,-45,-40,-23,-58,-34,-36,-29,-12,2,-31,-32,-35,-20,-20,-28,-33,-27,-11,-3,-43,-49,-19,-6,5,-27,-36,-17,-7,-12,-8,-37,-23,-9,-8,-19,-37,-34,-17,-44,-57,-35,-19,-9,-15,-16,-35,-18,-4,26,-33,-39,-27,-11,25,-28,-39,-45,-20,-59,-69,-48,-27,-14,-16,-53,-43,-36,-18,-43,-51,-40,-41,-17,-45,-61,-45,-43,-22,-65,-61,-43
-28,-14,-41,-21,-35,-20,-5,-19,-11,-26,-23,-8,-21,-38,-34,-35,-19,-29,-45,-45,-41,-25,-66,-36,-35,-32,-13,-21,-37,-32,-37,-20,-49,-36,-32,-27,-10,-11,-44,-46,-22,-6,-1,-30,-36,-20,-6,-15,-8,-37,-26,-11,-18,-27,-36,-35,-16,-49,-58,-35,-22,-11,-22,-19,-35,-20,-3,16,-32,-39,-29,-10,9,-33,-38,-45,-20,-66,-70,-46,-28,-13,-19,-52,-42,-38,-19,-51,-52,-40,-46,-23,-60,-67,-46,-46,-24,-69,-64,-43
-21,-8,-15,-6,-22,-21,-4,-23,-11,-17,-24,-8,-22,-30,-23,-38,-21,-28,-40,-37,-39,-23,-47,-32,-29,-27,-8,11,-14,-20,-35,-16,-21,-27,-24,-30,-10,-25,-46,-26,-18,-2,4,-29,-22,-20,-5,-20,-1,-19,-25,-9,-18,-32,-22,-34,-15,-29,-65,-25,-24,-10,-25,-18,-24,-20,-1,10,-26,-20,-26,-8,22,-31,-23,-48,-20,-71,-76,-35,-33,-12,-27,-55,-24,-36,-15,-46,-49,-27,-43,-15,-51,-66,-32,-44,-15,-60,-59,-32
-23,-11,33,-15,-21,-22,-9,-8,-13,-19,-25,-12,-16,-37,-29,-41,-23,-23,-49,-40,-41,-25,-40,-42,-33,-26,-8,37,-26,-23,-32,-17,5,-29,-25,-29,-15,-10,-45,-28,-16,-4,28,-30,-25,-19,-9,9,-4,-22,-21,-10,22,-28,-22,-35,-17,-18,-64,-27,-24,-13,-22,-14,-28,-18,-4,36,-32,-20,-25,-10,62,-29,-24,-53,-24,-65,-78,-38,-31,-15,-18,-57,-26,-37,-19,-31,-53,-28,-45,-21,-41,-69,-32,-47,-24,-60,-65,-32
-23,-17,-36,-17,-32,-15,-6,-21,-4,-24,-24,-12,-35,-17,-33,-36,-23,-39,-46,-43,-41,-29,-61,-34,-32,-29,-18,-43,-39,-32,-38,-22,-54,-43,-32,-25,-16,-16,-45,-46,-20,-8,-4,-31,-34,-20,-14,-33,-13,-36,-23,-13,-23,-23,-35,-36,-23,-56,-60,-33,-20,-13,-27,-18,-32,-17,-6,9,-33,-37,-30,-17,-31,-39,-38,-46,-23,-67,-70,-45,-27,-18,-33,-55,-42,-39,-27,-44,-53,-37,-39,-26,-51,-63,-41,-40,-25,-59,-61,-39
-20,-8,-26,-9,-32,-12,-3,-10,8,-24,-18,-6,-17,-17,-31,-28,-17,-18,-41,-43,-37,-20,-50,-34,-33,-25,-9,2,-29,-30,-31,-15,-19,-26,-30,-22,-8,-3,-33,-45,-17,-3,5,-26,-34,-13,-5,-12,-3,-35,-19,-9,-9,-12,-34,-31,-15,-39,-58,-32,-14,-5,-16,-11,-33,-15,-1,17,-31,-38,-23,-8,16,-28,-37,-40,-17,-57,-70,-45,-22,-10,-10,-51,-41,-32,-15,-33,-46,-37,-31,-13,-40,-58,-41,-37,-19,-57,-58,-39
-17,-8,-6,-4,-30,-13,-4,-5,14,-24,-16,-5,-16,-19,-32,-28,-14,-19,-34,-42,-34,-22,-41,-29,-32,-24,-10,10,-34,-30,-28,-16,-10,-28,-30,-20,-9,6,-31,-46,-14,-2,21,-23,-33,-14,-6,-2,0,-35,-17,-7,3,-14,-35,-30,-16,-35,-55,-33,-15,-6,-14,-9,-33,-15,-1,20,-28,-38,-21,-8,39,-27,-37,-40,-17,-46,-68,-45,-21,-10,-3,-51,-41,-32,-18,-30,-47,-37,-32,-16,-43,-57,-41,-35,-17,-52,-56,-39
-20,-8,-17,-7,-32,-12,-1,0,4,-25,-18,-5,-26,-15,-32,-31,-16,-28,-37,-43,-35,-21,-42,-29,-33,-23,-8,9,-27,-30,-28,-16,-8,-27,-31,-21,-8,-15,-30,-47,-15,-3,5,-22,-34,-14,-5,-8,-1,-35,-20,-10,-7,-8,-36,-30,-14,-34,-56,-33,-17,-9,-22,-16,-34,-15,-1,31,-27,-38,-21,-7,31,-27,-37,-41,-17,-54,-66,-46,-22,-10,-12,-51,-42,-32,-18,-33,-47,-38,-34,-16,-43,-59,-42,-36,-17,-53,-57,-39
-18,-2,10,-8,-31,-16,0,-8,2,-26,-18,-3,-23,-18,-33,-30,-15,-34,-32,-43,-36,-23,-49,-32,-32,-24,-7,5,-26,-31,-29,-13,-24,-29,-30,-21,-6,-15,-35,-44,-16,-1,17,-29,-34,-15,-4,-9,-7,-35,-19,-6,5,-10,-34,-32,-15,-34,-55,-32,-19,-6,-18,-12,-34,-16,1,23,-27,-38,-22,-6,18,-27,-36,-42,-17,-61,-67,-44,-24,-9,-17,-51,-40,-29,-12,-7,-45,-36,-31,-10,-29,-58,-40,-34,-12,-47,-56,-37
-16,-3,13,0,-17,-16,0,1,-1,-15,-21,-5,-22,-14,-20,-31,-15,-21,-27,-33,-37,-24,-47,-43,-28,-23,-6,20,1,-17,-28,-14,-6,-27,-21,-27,-7,-22,-38,-22,-9,7,36,-22,-19,-19,-4,-18,-5,-16,-17,-2,20,-16,-18,-31,-14,-26,-61,-21,-22,-8,-26,-12,-22,-19,2,13,-24,-17,-23,-5,20,-26,-19,-44,-16,-58,-74,-32,-30,-10,-30,-56,-20,-31,-13,-14,-43,-23,-35,-14,-42,-62,-25,-38,-17,-59,-56,-26
-21,-10,-21,-18,-20,-15,-4,28,-9,-19,-21,-8,-13,-22,-26,-34,-18,-29,-40,-38,-38,-25,-67,-52,-30,-21,-7,14,-19,-22,-26,-16,-14,-34,-23,-27,-13,-10,-38,-26,-7,4,48,-27,-23,-17,-8,-4,-9,-19,-14,-5,24,-22,-22,-31,-17,-45,-65,-25,-23,-11,-25,-16,-29,-14,1,57,-25,-19,-21,-7,41,-27,-22,-49,-22,-55,-76,-37,-28,-14,-25,-59,-25,-39,-25,-62,-57,-29,-46,-28,-71,-73,-32,-50,-33,-81,-70,-34
-33,-25,-62,-25,-67,-24,-16,-19,-6,-63,-30,-22,-43,-36,-67,-35,-26,-53,-44,-69,-43,-35,-50,-53,-62,-26,-20,-14,-35,-67,-37,-30,-26,-56,-64,-30,-25,-50,-49,-77,-22,-17,-28,-54,-67,-20,-17,-28,-28,-68,-34,-28,-58,-44,-71,-33,-23,-29,-65,-65,-25,-17,-38,-43,-66,-24,-11,0,-43,-70,-27,-18,17,-39,-69,-50,-31,-69,-75,-72,-27,-19,-17,-63,-71,-42,-30,-63,-66,-69,-45,-31,-69,-72,-70,-47,-31,-76,-71,-68
-20,-6,-30,-2,-31,-13,-4,-21,22,-23,-19,-8,-29,-11,-30,-26,-13,-30,-32,-40,-35,-20,-43,-25,-31,-26,-10,0,-20,-28,-28,-16,-17,-26,-29,-21,-8,-14,-26,-44,-19,-5,-24,-27,-33,-14,-6,-17,-4,-34,-18,-6,-13,-9,-34,-30,-16,-33,-53,-30,-15,-5,-19,-7,-31,-24,-12,-44,-33,-39,-23,-8,14,-26,-35,-40,-17,-55,-67,-43,-22,-11,-12,-47,-40,-31,-17,-42,-44,-35,-34,-18,-48,-59,-40,-38,-24,-63,-58,-37
-21,-13,-32,1,-30,-11,-3,2,17,-22,-17,-8,-22,-15,-30,-28,-16,-39,-33,-41,-34,-23,-46,-28,-31,-23,-10,0,-26,-28,-27,-17,-12,-26,-28,-20,-10,-10,-34,-44,-16,-5,7,-25,-32,-14,-5,-6,-1,-34,-9,-5,71,0,-34,-29,-16,-37,-53,-30,-16,-8,-18,-9,-31,-15,-1,4,-28,-36,-20,-8,31,-27,-34,-40,-19,-55,-68,-43,-20,-11,-6,-49,-39,-29,-16,-37,-44,-35,-29,-13,-39,-57,-39,-31,-14,-53,-54,-37
-17,-6,-18,-4,-29,-13,-3,-10,3,-22,-20,-9,-36,-14,-29,-30,-17,-39,-32,-40,-36,-23,-50,-32,-31,-23,-10,2,-24,-27,-27,-17,-22,-20,-27,-23,-13,-24,-31,-44,-18,-9,-18,-25,-32,-14,-7,-17,-1,-33,-15,-7,-11,-8,-32,-29,-16,-42,-53,-30,-17,-11,-29,-15,-31,-17,-4,-2,-29,-36,-21,-8,18,-25,-34,-42,-21,-59,-67,-43,-23,-14,-24,-50,-39,-26,-13,-16,-42,-35,-28,-11,-27,-56,-38,-30,-12,-49,-54,-36
-17,-5,4,-11,-28,-15,-3,-24,-6,-22,-19,-7,-32,-17,-29,-27,-13,-33,-34,-40,-35,-22,-46,-31,-31,-24,-11,-8,-26,-27,-28,-15,-21,-28,-27,-20,-7,-15,-34,-42,-16,-3,-2,-27,-31,-14,-6,-14,-8,-32,-16,-7,2,-16,-30,-29,-14,-32,-53,-29,-18,-8,-22,-13,-31,-17,-3,-8,-29,-35,-22,-8,7,-26,-34,-39,-15,-56,-66,-41,-23,-11,-16,-51,-37,-27,-12,5,-44,-34,-29,-11,-24,-56,-37,-31,-12,-47,-54,-34
-14,-8,5,6,-12,-14,-2,-14,0,-8,-20,-9,-32,-11,-14,-31,-16,-29,-30,-27,-36,-25,-46,-38,-22,-23,-10,9,9,-12,-29,-18,-10,-22,-16,-24,-7,-25,-37,-14,-12,-1,12,-21,-13,-16,-5,-17,-3,-9,-5,2,94,8,-10,-31,-16,-27,-61,-14,-20,-9,-27,-8,-14,-16,0,8,-21,-9,-21,-8,19,-26,-13,-42,-17,-60,-72,-25,-28,-11,-28,-53,-12,-28,-13,0,-39,-18,-31,-13,-30,-60,-19,-34,-14,-51,-51,-19
-17,-8,14,0,-13,-15,-7,9,-1,-12,-18,-8,-17,-16,-20,-32,-15,-24,-35,-31,-37,-25,-39,-40,-25,-20,-10,24,-13,-15,-25,-16,7,-29,-17,-23,-11,-13,-26,-16,-11,-1,21,-29,-17,-14,-7,4,-5,-13,-13,-7,8,-15,-13,-28,-15,-18,-58,-17,-19,-11,-14,-5,-20,-17,-5,31,-25,-13,-20,-7,53,-25,-15,-47,-19,-56,-72,-28,-30,-16,-16,-54,-18,-29,-16,9,-45,-20,-33,-17,-19,-65,-22,-38,-20,-55,-63,-23
-14,-5,-21,-9,-28,-7,0,-4,5,-20,-15,-5,-27,-14,-28,-26,-12,-28,-27,-38,-34,-23,-47,-28,-29,-22,-11,-19,-31,-28,-29,-17,-28,-25,-27,-17,-8,-3,-31,-43,-9,-1,2,-22,-29,-11,-4,-10,-2,-32,-15,-8,-16,-12,-32,-27,-16,-39,-53,-28,-15,-7,-25,-7,-30,-10,2,4,-29,-35,-20,-8,0,-27,-33,-39,-15,-53,-64,-41,-21,-11,-20,-51,-39,-27,-14,-15,-43,-33,-26,-12,-28,-55,-37,-29,-15,-47,-53,-34
-17,-6,-34,-2,-29,-7,-1,1,16,-21,-16,-4,-20,-6,-28,-25,-12,-38,-29,-39,-37,-24,-56,-33,-30,-21,-8,-3,-21,-28,-26,-14,-22,-25,-26,-18,-5,-5,-28,-42,-10,1,8,-22,-30,-11,-2,-12,2,-32,-19,-11,-26,-16,-33,-29,-17,-41,-52,-29,-13,-5,-19,-10,-31,-11,2,20,-26,-35,-19,-6,12,-26,-34,-37,-14,-48,-66,-42,-21,-8,-16,-49,-39,-29,-15,-31,-43,-34,-27,-12,-34,-54,-37,-30,-15,-54,-53,-35
-20,-10,-52,-3,-31,-6,-2,1,15,-21,-15,-5,-15,-16,-30,-24,-9,-32,-32,-38,-33,-23,-59,-26,-31,-29,-19,-38,-36,-29,-32,-23,-46,-36,-27,-17,-9,-6,-17,-43,-12,-1,3,-23,-30,-12,-4,-23,2,-32,-15,-8,-21,-19,-33,-28,-17,-50,-52,-29,-12,-6,-25,-11,-31,-11,2,33,-25,-35,-21,-8,-10,-29,-34,-37,-15,-46,-65,-41,-21,-11,-26,-50,-39,-32,-19,-47,-48,-35,-29,-15,-47,-57,-38,-30,-16,-55,-55,-35
-17,-7,-41,-3,-29,-10,-3,-26,2,-23,-20,-11,-40,-14,-30,-34,-20,-52,-38,-40,-35,-24,-57,-36,-31,-23,-11,-30,-26,-28,-31,-22,-51,-34,-28,-23,-12,-31,-31,-44,-17,-8,-35,-30,-33,-15,-9,-40,-10,-33,-19,-11,-40,-14,-33,-28,-15,-50,-52,-30,-19,-13,-35,-16,-32,-15,-3,-6,-29,-36,-23,-10,-14,-28,-34,-41,-20,-55,-65,-43,-23,-12,-28,-50,-39,-30,-18,-48,-47,-35,-28,-13,-46,-57,-38,-31,-16,-61,-56,-35
-22,-13,-34,-16,-29,-12,-3,-24,-14,-23,-19,-8,-35,-17,-29,-25,-13,-38,-37,-39,-34,-23,-53,-36,-31,-26,-15,-31,-31,-29,-28,-19,-44,-33,-27,-18,-7,-24,-36,-42,-15,-4,-11,-30,-31,-13,-6,-34,-9,-33,-19,-13,-22,-21,-31,-29,-16,-42,-52,-29,-18,-10,-29,-16,-32,-14,-1,4,-28,-35,-22,-9,-15,-27,-33,-37,-15,-56,-64,-41,-23,-12,-29,-52,-38,-29,-15,-22,-44,-33,-27,-10,-31,-57,-36,-29,-11,-51,-52,-33
-14,-5,-20,-5,-13,-20,-12,-53,-19,-16,-26,-15,-57,-28,-18,-31,-18,-35,-38,-29,-36,-26,-59,-42,-25,-29,-21,-64,-12,-17,-33,-23,-62,-48,-21,-25,-11,-58,-41,-18,-18,-7,-44,-35,-16,-23,-16,-71,-20,-17,-19,-9,-36,-29,-14,-29,-16,-51,-61,-18,-22,-13,-49,-22,-19,-17,-3,-34,-27,-13,-32,-23,-67,-47,-20,-42,-19,-66,-71,-27,-35,-19,-69,-61,-19,-28,-13,-23,-41,-18,-28,-11,-39,-60,-19,-32,-13,-57,-51,-20
-18,-8,-18,-25,-15,-18,-12,-53,-15,-18,-23,-14,-46,-32,-22,-31,-19,-40,-38,-32,-35,-26,-45,-45,-26,-21,-12,-22,-25,-16,-25,-17,-31,-41,-18,-23,-13,-39,-31,-20,-18,-9,-29,-40,-20,-13,-10,-44,-14,-16,-17,-12,-23,-29,-16,-27,-16,-36,-58,-18,-19,-12,-25,-12,-21,-27,-16,-58,-41,-22,-22,-11,-15,-31,-18,-44,-21,-60,-70,-29,-24,-12,-42,-56,-19,-30,-18,-23,-47,-22,-29,-15,-25,-63,-22,-34,-17,-55,-56,-22
-14,-10,-27,-10,-28,-9,-6,-20,-6,-21,-20,-12,-32,-14,-28,-24,-15,-26,-34,-37,-34,-24,-36,-30,-29,-20,-11,-7,-27,-26,-26,-16,-14,-26,-26,-19,-13,-17,-35,-42,-15,-8,-18,-30,-30,-11,-8,-18,-11,-31,-16,-11,-16,-15,-31,-26,-16,-30,-50,-27,-15,-8,-18,-9,-28,-14,-4,-16,-31,-35,-19,-9,5,-26,-32,-38,-18,-49,-62,-40,-20,-13,-18,-49,-37,-26,-16,-15,-43,-32,-25,-14,-27,-54,-36,-28,-17,-48,-52,-33
-15,-9,-12,-6,-28,-8,-6,-10,8,-22,-16,-7,-27,-9,-28,-21,-12,-22,-32,-38,-33,-21,-38,-32,-29,-20,-10,1,-22,-27,-26,-16,-10,-27,-26,-17,-8,-7,-35,-41,-12,-2,1,-27,-30,-10,-6,-16,0,-31,-14,-9,-7,-10,-31,-27,-14,-28,-53,-28,-14,-9,-20,-10,-30,-12,0,1,-28,-35,-18,-8,16,-26,-33,-35,-16,-45,-64,-40,-19,-10,-17,-49,-38,-25,-15,-6,-42,-32,-23,-11,-16,-53,-36,-26,-13,-43,-50,-33
-13,-8,-10,0,-27,-7,-5,-1,9,-21,-16,-8,-22,-23,-29,-24,-15,-33,-35,-38,-32,-23,-45,-23,-30,-21,-11,-5,-32,-27,-24,-16,-16,-26,-25,-17,-10,-7,-24,-42,-10,-3,14,-24,-29,-11,-6,-18,-3,-32,-12,-6,0,-15,-31,-27,-16,-40,-51,-28,-13,-8,-23,-14,-30,-13,-2,7,-27,-35,-17,-8,23,-25,-33,-35,-17,-45,-61,-40,-18,-11,-14,-48,-38,-25,-14,-11,-43,-33,-24,-12,-25,-52,-36,-26,-14,-37,-50,-33
-15,-5,-4,-3,-28,-9,-4,-5,1,-22,-16,-7,-27,-22,-28,-23,-10,-18,-31,-38,-33,-23,-46,-34,-30,-22,-12,-4,-31,-27,-27,-18,-25,-29,-26,-16,-7,1,-23,-42,-8,-2,10,-20,-30,-12,-6,-17,-7,-32,-13,-7,5,-11,-32,-27,-16,-38,-51,-29,-13,-6,-10,-14,-31,-12,-3,20,-24,-35,-19,-9,15,-25,-33,-34,-16,-42,-58,-41,-19,-12,-20,-47,-38,-25,-13,-10,-43,-33,-25,-11,-21,-50,-36,-27,-13,-41,-51,-34
-16,-4,17,-7,-29,-11,-2,2,-7,-22,-16,-5,-15,-14,-29,-20,-9,-16,-29,-38,-31,-20,-27,-23,-30,-19,-7,12,-31,-28,-23,-12,4,-27,-25,-17,-7,-4,-26,-41,-9,-1,25,-22,-31,-12,-4,-16,-2,-32,-15,-6,17,-18,-30,-25,-12,-16,-50,-28,-15,-5,-13,-11,-31,-12,-1,14,-27,-35,-18,-6,26,-24,-33,-34,-14,-40,-59,-41,-20,-10,-8,-46,-37,-25,-11,10,-42,-32,-25,-10,-15,-51,-35,-27,-11,-37,-49,-32
-14,-4,16,-1,-12,-12,-3,4,-2,-8,-19,-8,-17,-5,-13,-24,-12,-16,-26,-25,-36,-27,-36,-32,-22,-20,-8,1,-2,-12,-25,-17,-12,-26,-16,-22,-7,-5,-29,-14,-7,0,24,-22,-12,-15,-7,-33,3,-9,-15,-5,25,-21,-10,-31,-19,-27,-57,-16,-20,-10,-24,-10,-15,-13,1,13,-20,-10,-19,-8,9,-30,-13,-36,-15,-43,-64,-22,-26,-12,-33,-52,-13,-27,-12,4,-40,-17,-27,-12,-24,-56,-17,-30,-13,-40,-49,-18
-16,-7,10,-1,-13,-10,-5,16,-3,-12,-17,-9,-7,-11,-19,-26,-14,-26,-33,-29,-34,-24,-36,-39,-24,-17,-7,27,-29,-14,-21,-15,9,-30,-14,-22,-12,-17,-20,-16,-6,-1,22,-23,-16,-11,-5,-8,-2,-12,-14,-8,9,-22,-13,-26,-16,-27,-57,-18,-17,-9,-16,-7,-19,-9,-1,40,-20,-12,-17,-7,55,-25,-14,-41,-20,-43,-64,-26,-22,-13,-20,-49,-15,-30,-17,-7,-47,-21,-29,-17,-26,-60,-20,-33,-18,-46,-55,-20
-13,-8,-10,-6,-28,-5,-2,5,1,-21,-14,-6,-15,-11,-29,-22,-12,-14,-31,-36,-33,-23,-39,-21,-29,-18,-9,9,-30,-26,-24,-13,-2,-22,-26,-15,-9,11,-27,-42,-5,-1,20,-22,-29,-11,-6,-6,-2,-31,-14,-7,-3,-13,-31,-26,-15,-28,-51,-27,-12,-5,-12,-10,-28,-9,-3,22,-25,-34,-17,-8,23,-25,-32,-35,-16,-37,-57,-40,-18,-11,-5,-46,-38,-26,-16,-14,-45,-33,-26,-17,-33,-53,-36,-28,-19,-47,-51,-33
-15,-4,-1,-2,-28,-6,-2,13,9,-21,-14,-6,-10,-18,-28,-18,-8,-12,-30,-38,-31,-19,-25,-16,-29,-19,-7,14,-26,-27,-23,-14,3,-21,-26,-15,-5,15,-25,-42,-5,0,23,-20,-29,-10,-3,-8,-3,-32,-12,-5,18,-6,-31,-25,-13,-14,-52,-29,-11,-4,-5,-10,-30,-9,2,34,-24,-34,-16,-5,31,-25,-33,-32,-13,-33,-60,-40,-18,-9,-3,-44,-38,-24,-12,3,-42,-33,-21,-9,-13,-49,-36,-24,-11,-33,-47,-33
-13,-6,-1,1,-29,-7,-4,18,14,-21,-14,-5,-5,-23,-28,-19,-9,-17,-29,-37,-32,-23,-40,-21,-30,-19,-8,18,-31,-27,-23,-14,3,-24,-26,-15,-7,12,-18,-42,-6,0,32,-20,-29,-11,-4,-1,2,-32,-12,-4,6,-15,-31,-25,-14,-30,-54,-29,-11,-5,-6,-9,-30,-11,-1,28,-25,-35,-15,-5,50,-23,-33,-33,-15,-33,-58,-40,-17,-9,5,-43,-38,-25,-13,-5,-43,-33,-24,-13,-29,-51,-36,-28,-18,-51,-50,-34
-19,-9,-30,-7,-30,-8,-2,10,5,-22,-16,-8,-22,-11,-29,-22,-12,-30,-32,-39,-31,-21,-44,-26,-31,-18,-8,15,-28,-27,-23,-16,-4,-25,-27,-16,-6,-3,-19,-43,-7,0,18,-18,-31,-11,-4,-6,-6,-32,-14,-6,-1,-15,-32,-26,-16,-34,-51,-30,-12,-7,-9,-10,-31,-9,1,42,-20,-35,-17,-6,35,-23,-33,-34,-15,-38,-55,-41,-17,-10,-4,-44,-38,-31,-21,-44,-46,-35,-28,-17,-42,-52,-37,-28,-16,-51,-51,-35
-19,-8,-27,-8,-31,-12,-2,-8,-4,-24,-19,-7,-26,-27,-31,-21,-8,-37,-30,-39,-32,-22,-41,-22,-32,-20,-8,7,-30,-28,-24,-11,-15,-30,-27,-18,-5,-17,-27,-42,-14,-4,-11,-29,-32,-12,-2,-12,-8,-34,-18,-9,-17,-26,-32,-26,-11,-26,-51,-30,-16,-6,-21,-11,-33,-13,1,15,-23,-36,-19,-4,21,-25,-34,-34,-13,-43,-57,-42,-19,-8,-8,-45,-38,-29,-15,-22,-43,-34,-25,-10,-29,-51,-36,-26,-9,-43,-50,-33
-11,2,6,1,-12,-10,3,14,-1,-10,-17,-2,-13,-14,-14,-20,-4,-23,-25,-26,-31,-20,-24,-29,-23,-18,-1,27,-2,-12,-22,-9,12,-25,-16,-22,-1,-14,-27,-14,-5,8,27,-21,-11,-13,1,-20,-1,-9,-14,0,18,-30,-11,-26,-9,-11,-57,-16,-16,-1,-9,-8,-16,-14,4,11,-18,-11,-18,-1,29,-27,-13,-37,-9,-43,-61,-22,-23,-6,-24,-50,-13,-25,-6,-9,-38,-16,-26,-6,-30,-54,-17,-27,-5,-41,-48,-18
-15,-2,9,-6,-12,-9,-2,23,0,-12,-18,-6,-7,-7,-18,-25,-10,-26,-31,-28,-32,-23,-33,-30,-24,-16,-4,36,-25,-13,-18,-9,16,-29,-15,-22,-9,-14,-22,-16,-3,6,32,-28,-16,-12,-3,-4,-6,-11,-10,-2,13,-28,-13,-25,-13,-19,-56,-16,-17,-4,-13,-5,-19,-10,2,36,-21,-11,-16,-4,56,-24,-14,-42,-16,-43,-62,-25,-21,-10,-21,-50,-15,-28,-13,-2,-44,-19,-28,-14,-24,-58,-18,-33,-14,-48,-55,-19
-15,-9,-16,-5,-31,-8,-5,3,4,-24,-18,-10,-19,-12,-31,-23,-15,-27,-29,-40,-34,-24,-34,-24,-33,-20,-9,5,-31,-30,-26,-15,-5,-31,-28,-18,-11,-2,-25,-45,-9,-3,15,-25,-32,-14,-8,-10,-8,-34,-16,-8,-2,-19,-34,-27,-16,-26,-51,-31,-16,-7,-21,-6,-33,-12,-4,15,-24,-37,-19,-10,18,-25,-35,-39,-18,-39,-56,-43,-20,-14,-11,-45,-41,-27,-16,-7,-45,-35,-25,-15,-21,-51,-38,-28,-18,-37,-50,-36
-15,-5,-9,-3,-30,-9,-3,3,11,-24,-18,-9,-17,-20,-31,-19,-8,-24,-27,-40,-33,-21,-34,-28,-32,-20,-8,11,-30,-30,-24,-13,-2,-27,-28,-18,-6,12,-30,-44,-11,-2,7,-24,-33,-12,-5,-11,-7,-35,-15,-7,-2,-15,-34,-26,-15,-20,-51,-32,-14,-7,-18,-8,-33,-13,-2,10,-24,-37,-19,-7,23,-28,-36,-35,-15,-36,-57,-43,-19,-11,-8,-43,-41,-25,-13,-5,-42,-35,-23,-11,-17,-50,-38,-25,-14,-35,-47,-35
-14,-6,-7,-2,-29,-8,-4,14,11,-22,-17,-7,-13,-31,-29,-20,-9,-25,-30,-38,-33,-25,-37,-21,-32,-20,-8,3,-33,-29,-24,-13,-4,-27,-27,-18,-8,3,-19,-43,-8,0,20,-23,-30,-13,-5,-14,-4,-33,-13,-5,0,-18,-33,-26,-15,-32,-51,-31,-13,-5,-10,-11,-31,-13,-3,10,-25,-36,-18,-6,36,-25,-34,-35,-15,-34,-55,-41,-19,-11,-3,-44,-40,-26,-14,-8,-43,-34,-24,-13,-20,-50,-36,-26,-14,-36,-48,-34
-16,-5,-5,-1,-30,-9,-3,10,7,-23,-18,-8,-21,-10,-30,-21,-10,-23,-29,-39,-33,-23,-43,-27,-33,-21,-10,4,-29,-29,-25,-16,-3,-30,-27,-18,-5,6,-18,-45,-9,-1,15,-22,-32,-14,-5,-17,-3,-34,-17,-9,-2,-16,-34,-27,-15,-32,-48,-31,-15,-7,-15,-11,-32,-13,-3,19,-24,-36,-21,-7,23,-24,-35,-36,-15,-36,-54,-42,-21,-12,-17,-44,-40,-26,-14,-10,-43,-34,-24,-12,-19,-49,-37,-27,-14,-38,-50,-35
-18,-5,6,-5,-31,-15,-4,-2,-1,-24,-21,-7,-22,-16,-32,-23,-9,-31,-30,-40,-35,-22,-38,-25,-33,-26,-10,-8,-31,-30,-27,-13,-17,-38,-28,-21,-6,-5,-28,-43,-14,-1,13,-29,-32,-18,-5,-24,-6,-35,-18,-6,8,-22,-33,-28,-12,-25,-51,-32,-18,-7,-20,-12,-33,-16,-1,15,-26,-36,-24,-7,9,-26,-35,-38,-15,-44,-56,-42,-23,-11,-15,-46,-39,-28,-12,3,-42,-34,-26,-10,-17,-49,-36,-28,-11,-38,-49,-33
-17,-5,19,0,-15,-16,-3,-1,0,-13,-23,-9,-12,-7,-17,-25,-12,-24,-27,-27,-34,-24,-24,-34,-26,-24,-8,6,-8,-15,-28,-15,-3,-34,-18,-27,-8,-20,-24,-17,-12,1,19,-24,-15,-21,-6,-29,-2,-14,-21,-5,5,-25,-14,-30,-14,-19,-56,-19,-22,-8,-15,-13,-17,-20,-4,-5,-21,-14,-25,-7,14,-28,-16,-41,-16,-48,-60,-25,-29,-12,-30,-49,-15,-30,-14,-8,-42,-19,-29,-13,-29,-55,-19,-31,-14,-43,-49,-20
-18,-7,13,2,-14,-14,-6,10,2,-12,-22,-10,-11,-18,-19,-29,-16,-30,-36,-27,-36,-25,-32,-33,-26,-24,-10,7,-31,-16,-27,-16,-5,-38,-17,-26,-11,-19,-15,-16,-12,-1,17,-29,-16,-19,-10,-13,-3,-14,-19,-8,1,-27,-14,-30,-16,-28,-55,-20,-21,-11,-11,-5,-19,-15,-3,22,-26,-12,-26,-11,25,-30,-15,-45,-20,-47,-61,-25,-26,-17,-26,-50,-15,-32,-18,-4,-48,-19,-31,-17,-21,-58,-18,-34,-19,-43,-55,-19
-15,-8,-15,-14,-31,-9,-5,7,-1,-24,-18,-8,-15,-15,-31,-23,-13,-26,-36,-39,-35,-25,-38,-29,-32,-23,-10,-3,-35,-30,-28,-17,-15,-33,-28,-18,-9,-8,-29,-44,-10,-3,6,-29,-32,-15,-8,-14,-3,-34,-17,-9,-9,-16,-34,-27,-16,-30,-53,-31,-16,-9,-19,-8,-31,-12,-4,4,-25,-36,-22,-11,10,-27,-34,-37,-18,-44,-56,-43,-21,-14,-16,-46,-40,-28,-17,-16,-45,-34,-25,-15,-24,-51,-37,-27,-16,-40,-51,-34
-14,-5,-11,-21,-31,-8,-4,2,11,-25,-17,-6,-15,-15,-31,-20,-11,-30,-33,-40,-34,-22,-39,-30,-33,-22,-8,-4,-31,-31,-25,-16,-12,-34,-29,-17,-5,-8,-33,-44,-9,-2,4,-29,-33,-12,-6,-15,-3,-35,-14,-7,12,-7,-34,-27,-17,-29,-54,-32,-12,-7,-17,-7,-32,-14,-5,-14,-26,-37,-21,-9,14,-32,-36,-34,-15,-44,-57,-43,-19,-11,-13,-44,-41,-25,-13,-12,-44,-34,-21,-11,-18,-51,-37,-24,-13,-39,-50,-35
-13,-4,-19,-15,-32,-10,-7,-6,20,-25,-17,-6,-18,-19,-32,-20,-10,-33,-33,-40,-33,-23,-40,-24,-33,-20,-9,-2,-29,-32,-24,-16,-11,-34,-30,-18,-8,-10,-17,-45,-11,-4,-5,-26,-33,-10,-4,-11,1,-35,-14,-7,-18,-13,-36,-25,-13,-31,-50,-33,-11,-6,-21,-8,-33,-9,1,4,-23,-37,-18,-7,28,-20,-36,-34,-17,-48,-54,-43,-16,-9,-6,-43,-41,-25,-14,-19,-42,-34,-22,-12,-28,-47,-37,-24,-14,-41,-50,-35
-9,2,-6,-11,-33,-3,3,10,20,-28,-13,-1,-17,8,-33,-14,-3,-23,-29,-41,-31,-19,-34,-30,-35,-18,-5,12,-27,-33,-21,-12,-4,-34,-31,-12,-1,3,-20,-46,-2,6,12,-22,-35,-6,0,-10,5,-37,-10,-1,5,-8,-38,-22,-9,-26,-50,-34,-8,-2,-13,-7,-35,-7,4,18,-19,-39,-16,-3,32,-22,-38,-30,-11,-42,-51,-45,-14,-6,-12,-39,-42,-22,-10,-12,-41,-36,-20,-7,-22,-46,-38,-23,-10,-42,-50,-36
-11,11,2,-24,-50,-10,2,4,-5,-48,-15,1,-4,-10,-52,-11,2,-23,-27,-54,-32,-17,-30,-33,-49,-18,0,22,-32,-52,-21,-8,10,-35,-48,-17,0,-12,-39,-61,-10,4,15,-35,-52,-9,4,-13,-3,-54,-15,2,11,-24,-54,-23,-5,-2,-54,-51,-12,2,-16,-20,-52,-14,5,1,-30,-57,-18,0,33,-30,-54,-32,-11,-44,-58,-58,-18,-4,-9,-48,-58,-25,-4,-17,-46,-51,-21,0,-24,-51,-54,-25,-2,-48,-55,-52
-32,-10,-19,-41,-29,-31,-11,-12,-31,-28,-36,-15,-23,-31,-29,-32,-12,-32,-45,-37,-44,-26,-34,-45,-37,-38,-14,2,-25,-30,-39,-22,-8,-40,-33,-45,-16,-38,-47,-31,-27,-6,2,-40,-28,-34,-9,-30,-19,-26,-35,-13,-9,-37,-28,-40,-17,-15,-64,-32,-35,-14,-29,-25,-30,-35,-9,-3,-30,-28,-38,-14,12,-36,-29,-50,-23,-56,-68,-36,-42,-17,-35,-60,-30,-42,-18,-44,-52,-33,-42,-19,-53,-61,-32,-43,-18,-61,-58,-34
-25,-16,-31,-20,-21,-19,-14,-17,-2,-20,-28,-19,-25,-23,-25,-28,-19,-35,-30,-32,-39,-30,-46,-40,-29,-28,-18,-10,-36,-23,-31,-24,-22,-45,-24,-34,-23,-36,-30,-22,-19,-12,-14,-39,-22,-25,-20,-33,-16,-22,-26,-21,-26,-26,-21,-33,-22,-30,-58,-26,-26,-19,-32,-12,-25,-25,-15,-15,-31,-21,-30,-20,11,-35,-22,-46,-26,-53,-61,-31,-31,-23,-32,-51,-22,-38,-27,-49,-52,-25,-38,-27,-52,-59,-24,-40,-28,-65,-61,-26
-19,-15,-36,-22,-34,-10,-8,-16,5,-30,-22,-12,-27,-13,-35,-21,-14,-35,-34,-42,-36,-27,-48,-27,-36,-22,-11,-8,-34,-34,-27,-17,-17,-39,-33,-22,-14,-28,-34,-48,-12,-7,-6,-31,-36,-15,-11,-24,-3,-38,-19,-13,-23,-15,-39,-28,-19,-35,-51,-35,-17,-11,-30,-11,-35,-16,-7,-11,-29,-41,-22,-12,9,-26,-39,-38,-21,-50,-54,-46,-21,-15,-19,-45,-44,-28,-17,-24,-47,-38,-25,-14,-30,-50,-40,-28,-16,-52,-53,-38
-17,-4,-13,-21,-33,-10,-5,-8,12,-27,-20,-10,-18,-18,-34,-19,-9,-29,-36,-41,-35,-23,-37,-38,-35,-22,-11,2,-28,-33,-28,-17,-16,-34,-32,-20,-7,3,-27,-46,-13,-3,1,-27,-35,-14,-8,-20,-5,-37,-18,-10,-7,-7,-36,-29,-16,-28,-52,-35,-16,-9,-21,-12,-35,-16,-5,-6,-28,-40,-22,-10,13,-29,-38,-35,-16,-38,-50,-45,-22,-14,-20,-42,-43,-27,-15,-16,-44,-36,-24,-12,-21,-48,-39,-26,-12,-42,-49,-38
-15,-6,-12,-21,-31,-10,-7,-4,11,-26,-20,-10,-22,-27,-32,-21,-10,-30,-38,-41,-35,-26,-41,-27,-34,-24,-9,-2,-30,-32,-27,-18,-13,-31,-32,-20,-11,2,-25,-45,-12,-4,1,-29,-34,-16,-10,-18,-6,-36,-17,-9,-7,-15,-36,-29,-16,-35,-49,-34,-16,-10,-17,-13,-34,-15,-3,0,-26,-38,-21,-10,29,-24,-37,-35,-18,-37,-51,-43,-20,-13,-8,-44,-41,-27,-14,-17,-43,-35,-25,-12,-26,-48,-39,-29,-15,-45,-50,-37
-18,-7,-11,-20,-32,-11,-4,9,1,-26,-20,-9,-18,-11,-32,-19,-9,-20,-39,-41,-35,-25,-40,-35,-35,-23,-12,10,-30,-32,-27,-19,-11,-35,-32,-19,-7,9,-32,-45,-10,-4,7,-26,-34,-14,-8,-9,-5,-36,-16,-8,2,-10,-36,-28,-15,-32,-51,-34,-15,-9,-12,-13,-34,-15,-3,18,-26,-38,-21,-10,28,-26,-37,-34,-15,-32,-51,-44,-21,-13,-11,-45,-42,-26,-15,-17,-44,-36,-25,-11,-23,-49,-39,-29,-12,-44,-52,-37
-21,-9,-1,-27,-33,-16,-7,-17,-9,-28,-23,-10,-30,-19,-34,-22,-12,-41,-40,-41,-35,-23,-39,-36,-36,-26,-10,-6,-33,-33,-29,-17,-20,-38,-32,-23,-11,-22,-38,-45,-16,-6,-3,-32,-35,-18,-10,-29,-13,-37,-22,-12,-9,-22,-35,-29,-15,-26,-52,-35,-20,-11,-25,-15,-35,-18,-4,8,-30,-38,-24,-11,8,-29,-37,-37,-19,-47,-56,-44,-24,-14,-23,-47,-41,-29,-15,-19,-45,-36,-28,-12,-25,-51,-38,-33,-15,-51,-53,-37
-20,-9,-8,-29,-16,-17,-8,-15,-7,-14,-25,-12,-26,-26,-16,-26,-16,-39,-38,-26,-35,-26,-35,-41,-28,-26,-11,-10,-18,-17,-30,-20,-15,-37,-20,-28,-11,-34,-39,-17,-15,-4,-1,-32,-15,-20,-10,-35,-8,-14,-24,-13,-9,-26,-15,-31,-17,-28,-58,-22,-23,-13,-27,-15,-18,-21,-5,-12,-26,-14,-26,-12,2,-36,-16,-39,-19,-51,-59,-24,-30,-15,-38,-50,-16,-30,-14,-27,-45,-20,-32,-16,-46,-57,-20,-37,-17,-60,-57,-23
-21,-11,-12,-30,-18,-15,-10,11,-9,-15,-23,-11,-13,-22,-22,-26,-15,-29,-42,-28,-41,-32,-55,-49,-29,-25,-11,10,-34,-20,-29,-19,-8,-43,-22,-25,-12,-14,-30,-18,-11,-3,16,-32,-19,-19,-12,-11,-14,-18,-20,-12,-4,-29,-17,-33,-21,-37,-58,-25,-21,-13,-17,-6,-22,-17,-6,15,-29,-16,-25,-13,38,-33,-17,-42,-19,-43,-59,-27,-26,-16,-27,-50,-18,-34,-20,-33,-52,-24,-32,-17,-28,-58,-21,-35,-17,-47,-58,-24
-17,-9,-16,-26,-32,-11,-6,-4,-1,-26,-20,-11,-18,-12,-32,-22,-14,-30,-38,-39,-36,-26,-36,-31,-35,-23,-12,-6,-36,-33,-30,-19,-16,-40,-31,-19,-10,-2,-37,-46,-11,-6,8,-28,-34,-17,-11,-17,-12,-35,-17,-11,-8,-14,-36,-29,-17,-32,-53,-34,-16,-10,-23,-9,-33,-15,-6,3,-31,-39,-23,-13,7,-33,-36,-36,-18,-34,-52,-44,-21,-15,-20,-46,-42,-27,-15,-19,-47,-36,-26,-14,-25,-51,-39,-30,-16,-45,-53,-38
-20,-10,-20,-24,-33,-12,-7,-6,4,-27,-21,-10,-17,-26,-32,-21,-12,-33,-37,-41,-36,-22,-36,-34,-36,-25,-11,-2,-34,-33,-29,-17,-19,-34,-32,-20,-9,-4,-37,-46,-14,-6,-6,-30,-34,-15,-8,-20,-12,-36,-19,-14,-13,-13,-37,-30,-17,-30,-54,-36,-16,-10,-20,-13,-35,-16,-6,-7,-30,-40,-23,-11,9,-32,-37,-32,-17,-37,-54,-44,-20,-12,-15,-46,-42,-28,-17,-25,-45,-37,-25,-14,-27,-51,-40,-29,-15,-44,-52,-39
-18,-9,-19,-21,-32,-13,-9,-6,9,-26,-22,-12,-24,-33,-32,-23,-15,-40,-38,-40,-36,-27,-50,-35,-35,-25,-13,-8,-34,-32,-29,-19,-22,-41,-31,-22,-13,-18,-28,-45,-12,-4,9,-26,-33,-15,-10,-22,-9,-35,-16,-10,-7,-10,-36,-31,-19,-44,-53,-34,-18,-14,-28,-12,-34,-14,-3,6,-29,-38,-22,-11,16,-29,-36,-35,-21,-50,-59,-43,-23,-17,-29,-47,-41,-27,-15,-24,-44,-35,-25,-13,-28,-51,-39,-30,-16,-48,-53,-38
-19,-8,-16,-23,-33,-13,-4,6,1,-26,-20,-10,-18,-15,-32,-21,-9,-20,-39,-40,-36,-25,-45,-34,-35,-25,-13,-5,-33,-32,-30,-21,-20,-39,-32,-18,-7,5,-32,-45,-12,-4,9,-27,-34,-15,-9,-21,-10,-35,-17,-11,9,-5,-36,-29,-17,-37,-53,-35,-15,-7,-12,-15,-35,-14,-4,17,-26,-39,-24,-13,9,-31,-37,-31,-16,-37,-57,-44,-20,-11,-18,-46,-41,-27,-15,-20,-46,-36,-26,-11,-22,-51,-39,-29,-13,-45,-54,-38
-21,-10,3,-25,-34,-18,-7,-10,-10,-28,-22,-10,-17,-12,-33,-21,-14,-31,-42,-40,-37,-27,-47,-39,-36,-29,-17,-19,-36,-33,-31,-21,-34,-42,-32,-20,-8,-4,-39,-45,-16,-6,11,-29,-35,-18,-13,-23,-12,-36,-21,-12,5,-17,-34,-31,-18,-36,-53,-35,-19,-10,-23,-15,-36,-17,-7,8,-30,-39,-25,-15,2,-32,-37,-33,-19,-46,-59,-44,-23,-14,-21,-47,-41,-30,-16,-27,-47,-37,-29,-15,-33,-54,-39,-32,-15,-54,-55,-37
-19,-9,0,-26,-18,-19,-6,0,-8,-15,-26,-14,-18,-27,-18,-25,-16,-24,-36,-27,-37,-28,-37,-43,-29,-25,-11,-2,-15,-18,-29,-19,-13,-39,-21,-27,-10,-24,-41,-18,-12,-3,14,-23,-17,-21,-13,-30,-9,-14,-21,-12,4,-21,-15,-31,-17,-29,-58,-23,-23,-13,-19,-13,-20,-20,-7,-4,-27,-14,-25,-14,7,-36,-16,-36,-19,-49,-64,-25,-29,-15,-35,-53,-17,-34,-19,-48,-49,-24,-34,-18,-55,-61,-23,-39,-21,-69,-59,-26
-22,-12,6,-29,-19,-17,-9,14,-7,-18,-23,-13,-7,-18,-23,-26,-16,-16,-40,-28,-38,-29,-38,-42,-30,-25,-13,9,-36,-21,-30,-21,-11,-41,-23,-25,-14,-10,-34,-20,-11,-3,24,-33,-20,-18,-15,-16,-10,-18,-18,-12,10,-21,-17,-32,-20,-29,-57,-26,-21,-13,-14,-8,-23,-17,-9,20,-28,-17,-26,-16,32,-37,-19,-38,-21,-45,-63,-28,-25,-17,-27,-51,-19,-31,-18,-15,-51,-23,-31,-18,-21,-59,-22,-36,-19,-47,-58,-24
-19,-14,-23,-28,-33,-14,-7,2,-2,-26,-21,-13,-15,-21,-33,-24,-16,-28,-41,-40,-37,-29,-44,-32,-35,-24,-14,-4,-36,-32,-30,-20,-22,-38,-31,-21,-13,-4,-39,-46,-14,-8,7,-27,-34,-15,-14,-11,-9,-36,-19,-14,-3,-12,-36,-31,-21,-36,-53,-34,-17,-10,-19,-6,-34,-15,-9,3,-30,-39,-23,-16,12,-32,-37,-34,-22,-41,-58,-44,-20,-16,-15,-47,-42,-28,-17,-24,-47,-37,-27,-17,-28,-53,-40,-30,-17,-45,-54,-38
-20,-10,-21,-27,-34,-15,-7,-5,7,-28,-22,-14,-12,-22,-33,-22,-14,-28,-38,-41,-37,-26,-45,-34,-37,-25,-13,-9,-29,-33,-30,-20,-27,-37,-32,-20,-9,1,-34,-46,-14,-6,3,-28,-34,-15,-13,-17,-12,-37,-18,-12,-3,-8,-36,-30,-21,-37,-56,-36,-15,-10,-13,-6,-36,-14,-7,4,-29,-40,-24,-17,-1,-31,-38,-32,-19,-39,-60,-44,-21,-14,-18,-47,-42,-28,-18,-29,-47,-37,-26,-15,-28,-52,-40,-30,-18,-53,-54,-39
-20,-13,-32,-22,-32,-14,-10,-1,4,-25,-22,-15,-19,-27,-32,-24,-15,-35,-42,-40,-37,-30,-57,-33,-36,-25,-13,-13,-37,-31,-28,-20,-25,-39,-31,-21,-12,-4,-29,-45,-13,-7,5,-28,-33,-17,-15,-31,-8,-36,-20,-15,-19,-14,-35,-30,-20,-46,-54,-34,-18,-13,-26,-12,-34,-16,-9,0,-29,-38,-23,-16,11,-30,-36,-33,-22,-42,-59,-43,-21,-17,-22,-49,-41,-30,-20,-44,-48,-37,-29,-20,-47,-55,-40,-32,-21,-60,-55,-39
-21,-12,-26,-24,-33,-17,-9,-7,-4,-27,-25,-15,-26,-23,-33,-26,-16,-34,-40,-40,-39,-31,-61,-41,-36,-29,-19,-29,-35,-32,-34,-26,-39,-43,-32,-21,-12,-9,-32,-45,-15,-9,-6,-27,-34,-18,-16,-32,-12,-36,-19,-13,-10,-8,-35,-32,-23,-51,-55,-35,-19,-15,-23,-13,-35,-16,-9,9,-26,-38,-27,-20,-15,-36,-37,-33,-21,-43,-57,-43,-23,-17,-30,-48,-42,-31,-20,-44,-50,-38,-30,-18,-39,-54,-40,-32,-19,-58,-56,-39
-20,-9,5,-26,-33,-18,-7,-4,-13,-28,-21,-11,-15,-24,-33,-21,-11,-28,-36,-40,-36,-26,-44,-32,-36,-26,-14,-15,-36,-32,-30,-19,-25,-40,-31,-20,-10,-7,-40,-43,-16,-7,10,-32,-34,-16,-13,-17,-11,-36,-20,-13,0,-15,-34,-30,-17,-31,-56,-34,-19,-10,-20,-12,-35,-17,-7,9,-31,-38,-25,-14,1,-35,-36,-32,-18,-44,-59,-43,-23,-15,-22,-48,-40,-28,-14,-12,-46,-36,-27,-13,-20,-53,-38,-30,-13,-45,-53,-37
-18,-10,5,-26,-17,-18,-7,6,-10,-15,-24,-13,-11,-12,-17,-21,-12,-16,-33,-26,-37,-28,-35,-36,-29,-25,-12,0,-16,-18,-31,-21,-19,-35,-22,-26,-10,-12,-37,-16,-12,-2,26,-25,-17,-20,-14,-23,-8,-16,-20,-11,8,-17,-15,-32,-19,-29,-59,-24,-22,-12,-14,-12,-20,-19,-8,4,-27,-14,-24,-15,13,-37,-16,-33,-18,-44,-62,-24,-29,-17,-33,-52,-17,-29,-16,-19,-46,-21,-30,-16,-31,-58,-21,-34,-17,-51,-54,-24
-21,-13,5,-28,-18,-18,-10,10,-6,-19,-24,-15,-10,-27,-23,-29,-19,-28,-40,-29,-38,-29,-34,-40,-31,-24,-12,5,-39,-22,-28,-19,-7,-42,-24,-26,-15,-7,-33,-18,-13,-8,14,-35,-21,-18,-16,-7,-15,-19,-19,-13,-3,-19,-18,-30,-20,-25,-57,-27,-22,-15,-12,-9,-24,-16,-10,20,-28,-16,-24,-15,38,-35,-19,-39,-23,-44,-63,-27,-25,-18,-26,-51,-19,-32,-21,-18,-52,-25,-31,-19,-21,-59,-22,-35,-20,-45,-58,-25
-21,-14,-31,-27,-34,-14,-7,-5,-2,-27,-22,-14,-19,-22,-34,-25,-18,-35,-41,-40,-38,-29,-48,-34,-36,-23,-13,-3,-34,-33,-30,-20,-16,-38,-32,-22,-16,-22,-39,-46,-18,-13,-12,-30,-35,-16,-16,-12,-15,-36,-22,-18,-26,-15,-37,-31,-20,-34,-55,-34,-19,-13,-30,-11,-35,-18,-14,-13,-33,-39,-23,-16,8,-34,-37,-35,-23,-49,-58,-44,-21,-17,-20,-47,-42,-28,-18,-23,-49,-37,-26,-17,-24,-53,-40,-29,-18,-42,-53,-39
-19,-9,-20,-24,-33,-16,-10,-15,3,-27,-25,-16,-31,-27,-33,-23,-15,-39,-39,-40,-37,-27,-47,-31,-37,-24,-13,-8,-29,-33,-31,-19,-24,-34,-32,-22,-13,-25,-36,-45,-20,-10,-19,-29,-34,-17,-16,-30,-13,-36,-20,-16,-24,-10,-36,-32,-20,-36,-56,-35,-17,-11,-25,-8,-35,-16,-10,-7,-30,-39,-24,-16,4,-34,-37,-33,-21,-47,-60,-44,-22,-16,-23,-47,-42,-27,-16,-22,-47,-37,-25,-15,-21,-53,-40,-28,-16,-41,-52,-39
-18,-10,-16,-20,-34,-15,-10,-8,4,-27,-21,-13,-24,-26,-33,-23,-13,-34,-39,-40,-36,-26,-47,-29,-37,-24,-14,-11,-34,-33,-30,-20,-23,-39,-32,-18,-10,-7,-25,-45,-15,-8,-5,-27,-33,-15,-14,-16,-12,-36,-18,-11,-17,-15,-36,-30,-18,-42,-54,-35,-15,-10,-18,-10,-35,-17,-10,-14,-30,-39,-22,-15,19,-27,-37,-31,-19,-44,-59,-44,-19,-14,-13,-49,-42,-27,-17,-21,-44,-37,-24,-14,-22,-51,-40,-28,-15,-40,-52,-39
-17,-6,-5,-21,-33,-14,-5,6,-2,-27,-20,-11,-19,-19,-32,-21,-12,-20,-38,-40,-36,-23,-39,-33,-37,-22,-11,4,-34,-33,-30,-20,-14,-34,-32,-18,-8,-3,-34,-46,-12,-5,5,-26,-35,-13,-12,-10,-10,-36,-16,-9,15,-13,-36,-29,-18,-33,-53,-35,-15,-8,-6,-8,-36,-14,-7,6,-26,-39,-23,-15,21,-30,-37,-30,-16,-37,-56,-44,-19,-11,-11,-47,-42,-26,-15,-22,-45,-37,-25,-10,-21,-51,-40,-28,-10,-42,-52,-39
-15,13,3,-20,-34,-16,-3,-8,-12,-29,-20,-9,-21,-13,-33,-20,-9,-30,-32,-40,-37,-25,-45,-32,-37,-24,-11,-4,-38,-32,-30,-19,-17,-39,-32,-18,-4,0,-39,-44,-13,0,7,-29,-34,-14,-12,-15,-12,-36,-16,2,-3,-20,-34,-29,-17,-27,-52,-35,-17,-7,-15,-9,-36,-14,-2,12,-25,-38,-24,-14,8,-30,-37,-31,-14,-44,-57,-43,-21,-14,-12,-44,-40,-24,2,-12,-41,-36,-23,2,-18,-50,-39,-27,0,-43,-51,-37
